run,dom_cat,month_cat,doy,holiday,depth,trees,learning_rate,ensemble,disagrees_with_script,evidence,note
luna6_n20-1,yes,yes,no,no,6,800,0.02,no,none,"dom_cat: L16 cat_cols, L65-69 Categorical, L97 enable_categorical; month_cat: L16, L65-69; doy: none; holiday: none","Cross-fitted (5-fold OOF) smoothed target-rate encodings of UniqueCarrier, Origin, Dest (L23-59, L70-82); no per-level encoding of Month or DayofMonth. DepHour and DepMinute numeric (L63-64)."
luna6_n20-2,yes,yes,no,no,5,300,0.05,no,none,"dom_cat: L11 cat_cols, L20-24 Categorical; month_cat: L11, L20-24; doy: none; holiday: none",
luna6_n20-3,yes,yes,no,no,"4, 4","200, 200","0.05, 0.05",yes,none,"dom_cat: L13 cat_cols, L34-38 Categorical, L51/L59 enable_categorical; month_cat: L13, L34-38; doy: none; holiday: none","Soft VotingClassifier (L45-69) of two XGBClassifiers with the same depth/trees/lr; the second uses seed 7, subsample 0.8, colsample_bytree 0.4. Smoothed full-train Origin target rate (L19-25, L29); cyclic dep time (L30-33)."
luna6_n20-4,yes,yes,no,no,4,300,0.03,no,none,"dom_cat: L11 cat_cols, L26-30 Categorical; month_cat: L11, L26-30; doy: none; holiday: none","UniqueCarrier x Origin cross category (L17, L21-25); max_cat_threshold=32."
luna6_n20-5,yes,yes,no,no,4,200,0.05,no,none,"dom_cat: L11 cat_cols, L53-57 Categorical; month_cat: L11, L53-57; doy: none; holiday: none","Fold-wise Origin target rate (L29-49, L62-65); folds come from a row hash that includes Month and DayofMonth (L17-25, L58-61), but their levels are not encoded. DepHour category (L66-67)."
luna6_n20-6,yes,yes,no,no,3,100,0.1,no,none,"dom_cat: L11 cat_cols, L53-57 Categorical; month_cat: L11, L53-57; doy: none; holiday: none","Fold-wise target rates of Carrier, Dest and DayOfWeek x DepHour (L22-49, L68-80); folds from a row hash over all columns incl. Month/DayofMonth, no encoding of their levels. DepHour and DOWHour categories (L58-67). max_cat_to_onehot=25: Month gets one-hot splits, DayofMonth partition splits."
luna6_n20-7,yes,yes,no,no,4,200,0.05,no,none,"dom_cat: L14 cat_cols, L48-49 Categorical; month_cat: L14, L48-49; doy: none; holiday: none","sklearn TargetEncoder (cross-fitted) on Origin only (L19-33, L39-47)."
luna6_n20-8,yes,yes,no,no,3,200,0.05,no,none,"dom_cat: L11 cat_cols, L20-24 Categorical; month_cat: L11, L20-24; doy: none; holiday: none",
luna6_n20-9,no,no,yes,no,4,200,0.05,no,none,"dom_cat: L13 cat_cols omit it, L53 day_num used only in L54; month_cat: L13 omitted, L52 month_num used only in L54; doy: L54 DayOfYear; holiday: none","Cross-fitted target rates of UniqueCarrier, Origin, Dest (L23-45, L60-65); DepHour category (L21, L51, L55-59)."
luna6_n20-10,yes,no,no,no,16 leaves,200,0.05,no,none,"dom_cat: L12 cat_cols, L21-25 Categorical; month_cat: L12 omits Month, L26-29 MonthSin/MonthCos only; doy: none (cyclic month only, L26-29); holiday: none","Month reaches the model only as sin/cos of month number (L26-29), not counted as doy. Lossguide, max_depth=0, max_leaves=16 (L38-42); max_cat_threshold=128."
luna6_n20-11,yes,yes,no,no,6,100,0.1,no,none,"dom_cat: L11 cat_cols, L20-24 Categorical; month_cat: L11, L20-24; doy: none; holiday: none",
luna6_n20-12,yes,yes,no,no,6,450,0.1,no,none,"dom_cat: L11 cat_cols, L23-27 Categorical; month_cat: L11, L23-27; doy: none; holiday: none",max_cat_to_onehot=300 (L41): Month and DayofMonth use one-hot splits (still native categories). DepHour category and DepTimeMinutes numeric (L20-22).
luna6_n20-13,yes,yes,no,yes,5,200,0.05,no,none,"dom_cat: L11 cat_cols, L29-33 Categorical; month_cat: L11, L29-33; doy: none; holiday: L17-21, L25-28 ThanksgivingWindow","ThanksgivingWindow flag = Tue-Sun of Thanksgiving week, from (DayofMonth, DayOfWeek) pairs in November (L17-28). max_cat_to_onehot=32 (L45): Month and DayofMonth get one-hot splits."
luna6_n20-14,yes,yes,no,no,3,300,0.05,no,none,"dom_cat: L11 cat_cols, L20-24 Categorical; month_cat: L11, L20-24; doy: none; holiday: none",
luna6_n20-15,yes,yes,no,no,4,100,0.1,no,none,"dom_cat: L12 cat_cols, L30-34 Categorical; month_cat: L12, L30-34 (plus MonthSin/MonthCos L21-24); doy: none; holiday: none",Month enters both as a category and as sin/cos of month number (L21-24); cyclic DayOfWeek and dep time (L22-29).
luna6_n20-16,yes,yes,no,yes,4,200,0.05,no,none,"dom_cat: L11 cat_cols, L26 kept in X, L38-42 Categorical (day_number L30 is local, feeds only L32-36); month_cat: L11, L26, L38-42 (month_number L29 local only); doy: none; holiday: L21, L31-37 HolidayWindow category","dom_both flag resolved: numeric month_number/day_number (L29-30) are never put into X; they only build HolidayWindow, so Month and DayofMonth reach the model only as categories (script's dom_numeric/month_numeric=1 is wrong). HolidayWindow: Thanksgiving Nov 20-30, winter Dec 20-Jan 3, July 4 Jul 1-5, Memorial May 25-31, Labor Sep 1-7. DepPeriod and WeekPeriod categories."
luna6_n20-17,no,no,yes,no,3,100,0.1,no,none,"dom_cat: L12 cat_cols omit it, L26 numeric only in day_of_year; month_cat: L12 omitted, L25 numeric only in day_of_year; doy: L24-31 DayOfYearSin/DayOfYearCos; holiday: none",Day of year enters only as sin/cos (L29-31). CRSDepHour category (L37-41).
luna6_n20-18,no,no,yes,no,3,200,0.1,no,none,"dom_cat: L12 cat_cols omit it, L29 day_num used only in L30; month_cat: L12 omitted, L28 month_num used only in L30; doy: L30 DayOfYear; holiday: none","DepHour numeric, cyclic dep time (L23-27)."
luna6_n20-19,yes,yes,yes,no,"3, 4","800, 800","0.0125, 0.0125",yes,depth,"dom_cat: L13 cat_cols, L21, L32-36 Categorical, L50 enable_categorical (numeric day at L29 only feeds day_of_year); month_cat: L13, L32-36 (month_number L28 only feeds L29); doy: L27-31 YearSin/YearCos; holiday: none","dom_both flag resolved: numeric month/day (L28-29) are local arrays used only for day-of-year sin/cos; Month and DayofMonth reach both models as categories. Soft VotingClassifier of two XGBClassifiers built in a loop over depth (3, 4) (L43-58); the script left max_depth unresolved."
luna6_n20-20,no,no,yes,no,4,200,0.05,no,none,"dom_cat: L12 cat_cols omit it, L28 numeric only in DayOfYear; month_cat: L12 omitted, L27 numeric only in DayOfYear; doy: L26-30 DayOfYear; holiday: none","DayOfWeek only as sin/cos (L31-34), not categorical."
