run,dom_cat,month_cat,doy,holiday,depth,trees,learning_rate,ensemble,disagrees_with_script,evidence,note
astra6_n20-1,no,no,no,yes,16 leaves,400,0.025,yes,none,"dom_cat: L12 not in cat_cols, L38 day int used only in holiday offsets L41-58; month_cat: L12 not in cat_cols, L37 month int used only in holiday offsets; doy: none; holiday: L42-58 Thanksgiving/WinterHoliday/July4/Memorial/Labor/WinterMonday offsets",Three-seed average of one config (L93-97). Categoricals are integer codes typed 'c' via feature_types (L77).
astra6_n20-2,yes,yes,no,no,6,1600,0.05,no,ensemble,"dom_cat: L13 cat_cols, L44-47 pd.Categorical, L72-73 enable_categorical with max_cat_to_onehot=10000; month_cat: L13, L44-47; doy: none; holiday: none","num_parallel_tree=3 (L60) is one booster, so ensemble no. Month and DayofMonth get one-hot splits and feature_weights 0.5 (L68-71). Extra CarrierOrigin cross category (L19-21)."
astra6_n20-3,no,no,no,yes,32 leaves,600,0.04,yes,doy ensemble,"dom_cat: L13 not in cat_cols, L62 day used only via day_of_year L64 for holiday distances; month_cat: L13 not in cat_cols, L60-61 SeasonSin/SeasonCos (cyclic numeric month); doy: none (day_of_year L64 is an intermediate for holidays, not in X; L60-61 is cyclic month only); holiday: L66-73 DaysSinceHoliday/DaysUntilHoliday capped at 7","Final prediction is a 0.5/0.5 blend of an XGBClassifier and an XGBRegressor (squared error, other regularisation) on the same features (L81-89, L118-124); the script missed this ensemble. Month is used for recency and within-month class-balancing sample weights (L112-117), not as a feature. Script doy=1 comes from the day_of_year name only."
astra6_n20-4,no,yes,no,yes,5,1000,0.02,no,doy ensemble,"dom_cat: L13 not in cat_cols, L77 day used only via day_of_year L80 for HolidayOffset; month_cat: L13 cat_cols, L106-109 pd.Categorical, L127 enable_categorical; doy: none (day_of_year L80 is an intermediate, not in X); holiday: L82-92 HolidayOffset to nearest of New Year/July 4/Christmas/Memorial/Labor/Thanksgiving clipped to +-14","num_parallel_tree=4 (L119) is one booster, so ensemble no. Five-fold smoothed target encodings of Origin, Dest, carrier-origin, carrier-dest and route (L39-66, L97-105); none is calendar."
astra6_n20-5,no,no,no,yes,3,300,0.05,no,ensemble,"dom_cat: L12 not in cat_cols, L24 day used only in holiday_delta L26-34; month_cat: L12 not in cat_cols, L23 month used only in holiday_delta; doy: none; holiday: L30-36 HolidayWindow, HolidayDay","num_parallel_tree=4 (L57) is one booster, so ensemble no. Month recency sample weights (L66-69), not a feature."
astra6_n20-6,no,yes,no,no,16 leaves,500,0.05,no,ensemble,"dom_cat: L13 num_cols, L36 int 1-31 (numeric); month_cat: L12 cat_cols, L37-40 pd.Categorical, L68 enable_categorical; doy: none; holiday: none","num_parallel_tree=4 (L66) is one booster, so ensemble no."
astra6_n20-7,no,no,no,yes,"3, 7","200, 500","0.1, 0.05",yes,none,"dom_cat: L13 not in cat_cols, L54 day used only in HolidayTravelWindow; month_cat: L13 not in cat_cols, L53 month used only in HolidayTravelWindow; doy: none; holiday: L56-63 HolidayTravelWindow (Thanksgiving, Christmas/New Year, July 4)","0.5/0.5 blend (L71-77, L114) of a depth-3 model with num_parallel_tree=4 (L86) and a depth-7 one-hot model (L107). Within-month class-balancing weights from per-month delay rates (L95-97) are sample weights, not features."
astra6_n20-8,no,no,no,yes,24 leaves,100,0.05,no,doy ensemble,"dom_cat: L23 day used only via day_of_year L26 for holiday offsets; month_cat: L22 MonthNumber numeric int; doy: none (day_of_year L26 is an intermediate, not in X; offsets clipped to +-7); holiday: L28-35 Thanksgiving/Christmas/July4/Memorial/Labor/NewYear offsets clipped to +-7","num_parallel_tree=3 (L75) is one booster, so ensemble no. Custom label-smoothed logistic objective (L52-64). Month recency weights (L86-88)."
astra6_n20-9,no,yes,no,yes,"2, 32 leaves","200, 600",0.05,yes,none,"dom_cat: L13 not in cat_cols, L56 day used only in holiday offsets L58-75; month_cat: L13 cat_cols, L38-39 pd.Categorical, L86 Month in calendar_model, L94-95 enable_categorical with max_cat_to_onehot=10000; doy: none; holiday: L64-79 HolidayOffset, HolidayType","Depth-2 calendar model (Month, HolidayOffset, HolidayType) supplies half its margin as base_margin to a lossguide operational model with num_parallel_tree=4 (L99-134). Month reaches only the calendar model."
astra6_n20-10,no,yes,no,yes,8,400,0.05,no,ensemble,"dom_cat: L13 not in cat_cols, L72 day used only in holiday offsets L74-84; month_cat: L13 cat_cols, L85-86 pd.Categorical, L117-118 enable_categorical with max_cat_to_onehot=20000; doy: none; holiday: L74-84 Thanksgiving/Christmas/NewYear/July4 offsets","num_parallel_tree=3 (L109) is one booster, so ensemble no. Route, CarrierOrigin and CarrierDest cross categories (L20-26, L87-89)."
astra6_n20-11,no,no,no,yes,"4 leaves, 8 leaves, 16 leaves","500, 300, 200",0.05,yes,ensemble depth trees,"dom_cat: L12 not in cat_cols, L67 raw DayofMonth strings go to calendar_flags L48-62, parsed at L50 and used only for the holiday delta; not in X; month_cat: L12 not in cat_cols, L49 month used only for the Summer flag (months 6-8) and holiday deltas; doy: none; holiday: L52-62, L71-72 Holiday/PreHoliday/PostHoliday flags (Thanksgiving, Christmas, New Year, July 4)","Flagged file: DayofMonth enters prepare() only through the row-wise calendar_flags helper, so dom_cat no is right. Three reg:logistic XGBRegressors with max_leaves=2**depth for depth 2/3/4 and 500/300/200 rounds, blended 1:2:1 (L80-112); the script could not resolve them. Soft labels 0.05/0.95 (L86). Within-month class-balancing and recency weights (L116-121). Summer is a coarse month flag."
astra6_n20-12,no,no,no,yes,3,500,0.05,no,doy ensemble,"dom_cat: L12 not in cat_cols, L59 day used only via day_of_year L62 for holidays; month_cat: L12 not in cat_cols, L58 month used only via day_of_year; doy: none (day_of_year L62 is an intermediate, not in X); holiday: L63-80 HolidayOffset, HolidayType (New Year, Memorial, July 4, Labor, Thanksgiving, Christmas, MLK, Presidents)","num_parallel_tree=2 (L101) is one booster, so ensemble no. Within-month class-balancing sample weights (L86-89), not features."
astra6_n20-13,no,no,yes,yes,16 leaves,600,0.05,yes,none,"dom_cat: L32 day used only via doy L34; month_cat: L25 Month numeric int; doy: L34-35 SeasonFortnight=(doy-1)//14; holiday: L36-46 ThanksgivingWindow, ChristmasWindow, SummerHolidayWindow (Memorial, July 4, Labor)","Average of two lossguide models that differ in subsample and regularisation (L84-105), each with num_parallel_tree=4 (L67). Interaction constraints isolate calendar groups (L54-63, L78). Month recency weights (L107-109)."
astra6_n20-14,no,no,no,yes,"3, 2, 4, 5","600, 1200, 300, 150",0.05,yes,doy depth trees,"dom_cat: L13 not in cat_cols, L34 day used only via day_of_year L37 for holiday offsets; month_cat: L13 not in cat_cols, L45-46 MonthSin/MonthCos (cyclic numeric month); doy: none (day_of_year L37 is an intermediate, not in X; L45-46 is cyclic month only); holiday: L38-44 Christmas/July4/Thanksgiving offsets","Weighted log-odds average of 8 models (L83-116): five seeds at depth 3/600 rounds, plus depth 2/1200, 4/300 and 5/150 with weight 5/3 each; the script saw only the first config. Categoricals are integer codes typed 'c' via feature_types (L79). Month recency weights (L96-99)."
astra6_n20-15,no,yes,yes,no,"4, 3, 5","200, 400, 100",0.08,yes,depth trees,"dom_cat: L34, L36 DayOfMonthNum numeric; month_cat: L12 cat_cols, L30-32 pd.Categorical, L64 enable_categorical; doy: L37 DayOfYear; holiday: none",Five-member average (L78-89): three seeds at depth 4/200 plus depth 3/400 and depth 5/100; the script saw only the first config. num_parallel_tree=4 per member (L59). DayOfMonthNum and DayOfYear are in their own interaction group (L60-63).
astra6_n20-16,no,no,no,yes,4,180,0.1,yes,doy,"dom_cat: L12 not in cat_cols, L23/L54 day int used only via doy L57 for HolidayDistance; month_cat: L42-45 MonthNumber, MonthSin, MonthCos (numeric); doy: none (doy L57 is an intermediate, not in X); holiday: L58-64 HolidayDistance to New Year/July 4/Christmas/Thanksgiving capped at 21","Flagged file: DayofMonth enters prepare() only through the day_numbers lookup (L23, L54) feeding the holiday distance, so dom_cat no is right. Two-seed average of one config (L95-110). rate_drop/skip_drop/normalize_type are set without booster='dart' (L74-76); per the run's research log the installed XGBoost applies dropout from these parameters, so this may be DART in effect (script dart=0). Month recency weights (L93-94)."
astra6_n20-17,no,no,yes,no,4,500,0.05,yes,none,"dom_cat: L13 not in cat_cols, L78/L84 DayNum numeric; month_cat: L77/L81-83 MonthNum, MonthSin, MonthCos (numeric); doy: L85 DayOfYear; holiday: none","Two-seed average (L121-128), num_parallel_tree=4 (L110). Leave-pair-out smoothed delay rates for airport-carrier pairs (OriginPeerRisk, DestPeerRisk, CarrierElsewhereRisk; L37-59, L71-75); none is calendar. Categoricals are float codes typed 'c' via feature_types (L115). DayNum and DayOfYear are in their own interaction group (L112)."
astra6_n20-18,no,yes,no,yes,16 leaves,1200,0.05,yes,doy,"dom_cat: L14 not in cat_cols, L54 day used only via day_of_year L58 for HolidayPhase; month_cat: L14 cat_cols, L45-48 pd.Categorical, L94-95 enable_categorical with max_cat_to_onehot=1024; doy: none (day_of_year L58 is an intermediate, not in X); holiday: L60-69 HolidayPhase (New Year, Christmas, July 4, Memorial, Labor, Thanksgiving)","Three-seed soft vote (L126-133). Month is held to an additive effect (L96-100), and 62.5% of its learned effect is subtracted at prediction (L105-123). Custom label-smoothed logistic objective (L77-79)."
astra6_n20-19,no,yes,no,yes,4,300,0.05,yes,doy,"dom_cat: L14 not in cat_cols, L39 day used only via day_of_year L42 for holiday features; month_cat: L14 cat_cols, L63-67 pd.Categorical, L83 enable_categorical; doy: none (day_of_year L42 is an intermediate, not in X); holiday: L43-58 HolidayType, DaysBeforeHoliday, DaysAfterHoliday",Three-seed soft vote (L87-91). Recency and within-month class-balancing sample weights (L95-100).
astra6_n20-20,no,no,no,no,32 leaves,600,0.05,no,ensemble,dom_cat: L44 DayofMonth int (numeric); month_cat: L45 Month int (numeric); doy: none; holiday: none,"Single XGBRanker (pairwise objective, 32 random groups) whose score goes through a sigmoid (L70-107). num_parallel_tree=4 (L93) is one booster, so ensemble no. CarrierOrigin cross category with one-hot splits (L21-23, L46-50, L95)."
sol6_n20-1,no,no,yes,no,"3, 4","150, 100",0.1,yes,none,"dom_cat: L11 not in cat_cols, L25 numeric int; month_cat: L11 not in cat_cols, L24 numeric used only inside DayOfYear; doy: L26 DayOfYear; holiday: none","Weighted blend 0.7 depth-3 + 0.3 depth-4 (L55). WeekdayTimeBlock categorical (DayOfWeek x 3-hour block, L27-30)."
sol6_n20-2,yes,yes,yes,no,"4, 3",200,0.05,yes,none,"dom_cat: L11 cat_cols, L23 copied into X, L25-29 category (numeric day L20/L24 only inside DayOfYear); month_cat: L11, L25-29; doy: L24 DayOfYear; holiday: none","dom_both flag checked: X['DayofMonth'] is never overwritten; the numeric day map is read from df only to build DayOfYear, so the category reaches all three models. Equal average of 3 models (L74, L81); third differs by subsample/colsample 0.8 and seed."
sol6_n20-3,no,yes,yes,no,3,300,0.05,no,none,"dom_cat: L11 not in cat_cols, L24 DayNumber numeric; month_cat: L11 cat_cols, L25-29; doy: L23 DayOfYear; holiday: none",
sol6_n20-4,yes,yes,yes,no,3,200,0.05,no,none,"dom_cat: L11 cat_cols, L19 copied into X, L20-24 category; month_cat: L11, L20-24; doy: L25-28 DayOfYear (numeric day read from df); holiday: none",dom_both flag checked: the numeric day (L28) is read from df only to build DayOfYear; X['DayofMonth'] stays categorical.
sol6_n20-5,yes,yes,yes,yes,6,275,0.025,yes,none,"dom_cat: L13 cat_cols, L33 copied into X, L39-43 category; month_cat: L13, L39-43; doy: L35 DayOfYear, L37-38 YearSin/YearCos; holiday: L26 holiday days, L27-30/L36 HolidayDistance","dom_both flag checked: numeric day map (L23) used only inside DayOfYear (L35, from df); the category reaches the model. Soft VotingClassifier of 5 seeds of one config (L50-67). Holidays as fixed day-of-year numbers 1, 185, 327, 328, 359 (New Year, July 4, approx. Thanksgiving, Christmas)."
sol6_n20-6,yes,yes,yes,no,31 leaves (depth 10),120,0.05,no,none,"dom_cat: L11 cat_cols, L22 copied into X, L26 drops only CRSDepTime, L27-31 category; month_cat: L11, L27-31; doy: L25 DayOfYear; holiday: none","dom_both flag checked: numeric day map (L19) used only inside DayOfYear (L25, from df); the category reaches the model. grow_policy lossguide with max_depth 10 and max_leaves 31 (L40-42). CRSDepTime replaced by DepMinuteOfDay and DepHour (L23-26)."
sol6_n20-7,no,yes,no,no,"3, 4","130, 160",0.1,yes,none,"dom_cat: L12 not in cat_cols, L26 WeekOfMonth (derived) only; month_cat: L12 cat_cols, L30-34; doy: none (L26 week of month only); holiday: none","Soft vote weights 3:1:1 (L66-70); third model max_cat_to_onehot 20 (L62). TimeVsCarrierOriginMedian is a per carrier-origin median departure-time offset (L19-22, L27-29), not calendar."
sol6_n20-8,no,no,no,yes,"3, 4","300, 200",0.05,yes,holiday ensemble depth,"dom_cat: L11 not in cat_cols, L29 DayNum numeric; month_cat: L11 not in cat_cols, L30 MonthNum numeric; doy: none (month and day only as separate numbers); holiday: L31-34 YearEndTravel flag (Dec 21 to Jan 6)","Equal average of five models (L52-57, L61-69): seeds 42 and 43 gbtree depth 3, 300 trees; seed 44 depth 4 via set_params (L62, L64); seeds 45 and 46 DART depth 3, 200 trees (L65-66). Script missed the year-end travel window, the depth-4 member and the averaging. DepHour categorical (L26-28)."
sol6_n20-9,yes,yes,yes,no,3,400,0.05,yes,none,"dom_cat: L11 cat_cols, L23 copied into X, L26-30 category; month_cat: L11, L26-30; doy: L25 DayOfYear; holiday: none","dom_both flag checked: numeric day map (L20) used only inside DayOfYear (L25, from df); the category reaches all three models. Equal average of 3 members differing by colsample_bytree/subsample 0.8 (L56-60)."
sol6_n20-10,no,no,no,no,3,400,0.05,yes,none,"dom_cat: L12 not in cat_cols, L24 numeric int8; month_cat: L12 not in cat_cols, L23 numeric int8; doy: none; holiday: none","Soft vote of 3 seeds of one config (L51-58). OriginRelativeDepTime is a per-origin median departure-time offset (L19, L25-28), not calendar."
sol6_n20-11,no,no,yes,yes,3,500,0.05,no,none,"dom_cat: L11 not in cat_cols, used only inside DayOfYear (L33); month_cat: L11 not in cat_cols, used only inside DayOfYear (L33); doy: L33 DayOfYear; holiday: L20-29 window table, L34-36 HolidayWindow categorical","HolidayWindow is a 7-level category (Presidents' Day, Memorial Day, July 4, Labor Day, Thanksgiving, winter holidays, none)."
sol6_n20-12,no,yes,yes,no,3,150,0.1,no,month_cat,"dom_cat: L11 not in cat_cols, L27 numeric int8; month_cat: L17 levels, L26 MonthCategory pd.Categorical, L58 enable_categorical; doy: L28 DayOfYear; holiday: none","Script missed the categorical month copy under the new name MonthCategory (L26). Route, carrier-origin and origin-weekday median departure-time offsets (L18-20, L30-41) are per-level encodings of non-calendar columns."
sol6_n20-13,no,no,yes,no,"3, 2, 4","400, 700, 18",0.05,yes,none,"dom_cat: L12 not in cat_cols, used only inside DayOfYear; month_cat: L12 not in cat_cols, used only inside DayOfYear; doy: L26 DayOfYear; holiday: none","Soft vote, equal weights (L45-52)."
sol6_n20-14,no,no,yes,no,"3, 4",100,0.1,yes,none,"dom_cat: L11 not in cat_cols, used only inside DayOfYear; month_cat: L11 not in cat_cols, used only inside DayOfYear; doy: L29 DayOfYear; holiday: none",Weighted 2:1 average (L46) of gbtree depth 3 and DART depth 4 (L56-60). DepHour categorical (L28).
sol6_n20-15,no,no,yes,no,16 leaves,200,0.05,no,none,"dom_cat: L11 not in cat_cols, used only inside DayOfYear; month_cat: L11 not in cat_cols, used only inside DayOfYear; doy: L30 DayOfYear; holiday: none","lossguide, max_depth 0, max_leaves 16 (L42-44). DepHour categorical (L31-33)."
sol6_n20-16,yes,yes,no,no,4,400,0.05,no,none,"dom_cat: L11 cat_cols, L20-24 category; month_cat: L11, L20-24; doy: none; holiday: none","Starter feature set unchanged. max_cat_to_onehot 32 (L38): Month, DayofMonth and DayOfWeek get one-hot style splits inside XGBoost; still categorical."
sol6_n20-17,yes,yes,yes,yes,"3, 4",250,0.05,yes,none,"dom_cat: L13 cat_cols, L26 copied into X, L42-46 category; month_cat: L13, L42-46; doy: L32 DayOfYear; holiday: L34-36 FixedHolidayDistance (day 1, 185, 359, 366), L37-41 ThanksgivingDistance","dom_both flag checked: the numeric day (L32) is read from df only to build DayOfYear; X['DayofMonth'] stays categorical. Soft vote equal weights (L61-68). DepVsRouteMedian is a per-route median departure-time offset (L21-23, L29-31)."
sol6_n20-18,no,yes,yes,no,"3, 4",300,0.05,yes,depth,"dom_cat: L12 not in cat_cols, L27 numeric int; month_cat: L12 cat_cols, L25-26 category; doy: L28 DayOfYear; holiday: none","Soft vote weights 2:1 (L40-47); the second member overrides max_depth to 4 by dict merge (L43), which the script missed. DepVsOriginMedian is a per-origin median departure-time offset (L19, L29-30)."
sol6_n20-19,no,no,yes,no,"8 leaves, 12 leaves",500,0.05,yes,depth,"dom_cat: L12 not in cat_cols, used only inside DayOfYear; month_cat: L12 not in cat_cols, used only inside DayOfYear; doy: L24 DayOfYear; holiday: none","Soft vote weights 2:1 (L63-67) of two lossguide models with max_depth 0; the second copies the base params and sets max_leaves 12 (L55-62), which the script missed. Both use num_parallel_tree 3 (L47). DepSlot categorical hour (L25-26)."
sol6_n20-20,no,yes,yes,no,3,300,0.05,no,none,"dom_cat: L13 num_cols, L23 numeric int; month_cat: L12 cat_cols, L29-33; doy: L24 DayOfYear; holiday: none","DepTimeSin/DepTimeCos cyclic time of day (L25-28), not calendar."
luna6_n20-1,yes,yes,no,no,6,800,0.02,no,none,"dom_cat: L16 cat_cols, L65-69 Categorical, L97 enable_categorical; month_cat: L16, L65-69; doy: none; holiday: none","Cross-fitted (5-fold OOF) smoothed target-rate encodings of UniqueCarrier, Origin, Dest (L23-59, L70-82); no per-level encoding of Month or DayofMonth. DepHour and DepMinute numeric (L63-64)."
luna6_n20-2,yes,yes,no,no,5,300,0.05,no,none,"dom_cat: L11 cat_cols, L20-24 Categorical; month_cat: L11, L20-24; doy: none; holiday: none",
luna6_n20-3,yes,yes,no,no,4,200,0.05,yes,none,"dom_cat: L13 cat_cols, L34-38 Categorical, L51/L59 enable_categorical; month_cat: L13, L34-38; doy: none; holiday: none","Soft VotingClassifier (L45-69) of two XGBClassifiers with the same depth/trees/lr; the second uses seed 7, subsample 0.8, colsample_bytree 0.4. Smoothed full-train Origin target rate (L19-25, L29); cyclic dep time (L30-33)."
luna6_n20-4,yes,yes,no,no,4,300,0.03,no,none,"dom_cat: L11 cat_cols, L26-30 Categorical; month_cat: L11, L26-30; doy: none; holiday: none","UniqueCarrier x Origin cross category (L17, L21-25); max_cat_threshold=32."
luna6_n20-5,yes,yes,no,no,4,200,0.05,no,none,"dom_cat: L11 cat_cols, L53-57 Categorical; month_cat: L11, L53-57; doy: none; holiday: none","Fold-wise Origin target rate (L29-49, L62-65); folds come from a row hash that includes Month and DayofMonth (L17-25, L58-61), but their levels are not encoded. DepHour category (L66-67)."
luna6_n20-6,yes,yes,no,no,3,100,0.1,no,none,"dom_cat: L11 cat_cols, L53-57 Categorical; month_cat: L11, L53-57; doy: none; holiday: none","Fold-wise target rates of Carrier, Dest and DayOfWeek x DepHour (L22-49, L68-80); folds from a row hash over all columns incl. Month/DayofMonth, no encoding of their levels. DepHour and DOWHour categories (L58-67). max_cat_to_onehot=25: Month gets one-hot splits, DayofMonth partition splits."
luna6_n20-7,yes,yes,no,no,4,200,0.05,no,none,"dom_cat: L14 cat_cols, L48-49 Categorical; month_cat: L14, L48-49; doy: none; holiday: none","sklearn TargetEncoder (cross-fitted) on Origin only (L19-33, L39-47)."
luna6_n20-8,yes,yes,no,no,3,200,0.05,no,none,"dom_cat: L11 cat_cols, L20-24 Categorical; month_cat: L11, L20-24; doy: none; holiday: none",
luna6_n20-9,no,no,yes,no,4,200,0.05,no,none,"dom_cat: L13 cat_cols omit it, L53 day_num used only in L54; month_cat: L13 omitted, L52 month_num used only in L54; doy: L54 DayOfYear; holiday: none","Cross-fitted target rates of UniqueCarrier, Origin, Dest (L23-45, L60-65); DepHour category (L21, L51, L55-59)."
luna6_n20-10,yes,no,no,no,16 leaves,200,0.05,no,none,"dom_cat: L12 cat_cols, L21-25 Categorical; month_cat: L12 omits Month, L26-29 MonthSin/MonthCos only; doy: none (cyclic month only, L26-29); holiday: none","Month reaches the model only as sin/cos of month number (L26-29), not counted as doy. Lossguide, max_depth=0, max_leaves=16 (L38-42); max_cat_threshold=128."
luna6_n20-11,yes,yes,no,no,6,100,0.1,no,none,"dom_cat: L11 cat_cols, L20-24 Categorical; month_cat: L11, L20-24; doy: none; holiday: none",
luna6_n20-12,yes,yes,no,no,6,450,0.1,no,none,"dom_cat: L11 cat_cols, L23-27 Categorical; month_cat: L11, L23-27; doy: none; holiday: none",max_cat_to_onehot=300 (L41): Month and DayofMonth use one-hot splits (still native categories). DepHour category and DepTimeMinutes numeric (L20-22).
luna6_n20-13,yes,yes,no,yes,5,200,0.05,no,none,"dom_cat: L11 cat_cols, L29-33 Categorical; month_cat: L11, L29-33; doy: none; holiday: L17-21, L25-28 ThanksgivingWindow","ThanksgivingWindow flag = Tue-Sun of Thanksgiving week, from (DayofMonth, DayOfWeek) pairs in November (L17-28). max_cat_to_onehot=32 (L45): Month and DayofMonth get one-hot splits."
luna6_n20-14,yes,yes,no,no,3,300,0.05,no,none,"dom_cat: L11 cat_cols, L20-24 Categorical; month_cat: L11, L20-24; doy: none; holiday: none",
luna6_n20-15,yes,yes,no,no,4,100,0.1,no,none,"dom_cat: L12 cat_cols, L30-34 Categorical; month_cat: L12, L30-34 (plus MonthSin/MonthCos L21-24); doy: none; holiday: none",Month enters both as a category and as sin/cos of month number (L21-24); cyclic DayOfWeek and dep time (L22-29).
luna6_n20-16,yes,yes,no,yes,4,200,0.05,no,none,"dom_cat: L11 cat_cols, L26 kept in X, L38-42 Categorical (day_number L30 is local, feeds only L32-36); month_cat: L11, L26, L38-42 (month_number L29 local only); doy: none; holiday: L21, L31-37 HolidayWindow category","dom_both flag resolved: numeric month_number/day_number (L29-30) are never put into X; they only build HolidayWindow, so Month and DayofMonth reach the model only as categories (script's dom_numeric/month_numeric=1 is wrong). HolidayWindow: Thanksgiving Nov 20-30, winter Dec 20-Jan 3, July 4 Jul 1-5, Memorial May 25-31, Labor Sep 1-7. DepPeriod and WeekPeriod categories."
luna6_n20-17,no,no,yes,no,3,100,0.1,no,none,"dom_cat: L12 cat_cols omit it, L26 numeric only in day_of_year; month_cat: L12 omitted, L25 numeric only in day_of_year; doy: L24-31 DayOfYearSin/DayOfYearCos; holiday: none",Day of year enters only as sin/cos (L29-31). CRSDepHour category (L37-41).
luna6_n20-18,no,no,yes,no,3,200,0.1,no,none,"dom_cat: L12 cat_cols omit it, L29 day_num used only in L30; month_cat: L12 omitted, L28 month_num used only in L30; doy: L30 DayOfYear; holiday: none","DepHour numeric, cyclic dep time (L23-27)."
luna6_n20-19,yes,yes,yes,no,"3, 4",800,0.0125,yes,depth,"dom_cat: L13 cat_cols, L21, L32-36 Categorical, L50 enable_categorical (numeric day at L29 only feeds day_of_year); month_cat: L13, L32-36 (month_number L28 only feeds L29); doy: L27-31 YearSin/YearCos; holiday: none","dom_both flag resolved: numeric month/day (L28-29) are local arrays used only for day-of-year sin/cos; Month and DayofMonth reach both models as categories. Soft VotingClassifier of two XGBClassifiers built in a loop over depth (3, 4) (L43-58); the script left max_depth unresolved."
luna6_n20-20,no,no,yes,no,4,200,0.05,no,none,"dom_cat: L12 cat_cols omit it, L28 numeric only in DayOfYear; month_cat: L12 omitted, L27 numeric only in DayOfYear; doy: L26-30 DayOfYear; holiday: none","DayOfWeek only as sin/cos (L31-34), not categorical."
