run,model,minute,holdout_after,eval_after,description
astra6_n20-1,gpt-6-astra,3.39,0.6784,0.6800,depth 4; 400 trees; stronger leaf and L2 regularization
astra6_n20-2,gpt-6-astra,2.51,0.6724,0.6762,600 trees at 0.05 with stronger regularization and sampling
astra6_n20-3,gpt-6-astra,1.89,0.6762,0.6759,Remove day-of-month feature to reduce year-specific fitting
astra6_n20-4,gpt-6-astra,1.95,0.6763,0.6781,400 depth-5 trees eta .05 child-weight 20 lambda 10 subsample .8
astra6_n20-5,gpt-6-astra,2.15,0.6733,0.6744,500 trees eta .05 with leaf regularization and row subsampling
astra6_n20-6,gpt-6-astra,2.66,0.6794,0.6813,depth4 500 rounds lr0.05 child20 lambda10 subsample0.9 category32
astra6_n20-7,gpt-6-astra,4.04,0.6762,0.6759,remove categorical day-of-month
astra6_n20-8,gpt-6-astra,2.00,0.6772,0.6788,depth4 500 trees eta0.05 child20 lambda10 subsample0.8
astra6_n20-9,gpt-6-astra,2.42,0.6777,0.6786,shallow regularized boosting: 600 trees depth 4 eta .05
astra6_n20-10,gpt-6-astra,4.32,0.6762,0.6759,remove day-of-month categories
astra6_n20-11,gpt-6-astra,4.37,0.6762,0.6759,remove day-of-month
astra6_n20-12,gpt-6-astra,3.38,0.6786,0.6797,500 shallow regularized trees
astra6_n20-13,gpt-6-astra,3.71,0.6772,0.6787,600 trees eta .05 depth 4 child 50 lambda 10 subsample .8
astra6_n20-14,gpt-6-astra,2.43,0.6778,0.6796,500 shallow regularized trees; eta .05 depth 4 child 30 lambda 10 subsample .85
astra6_n20-15,gpt-6-astra,1.65,0.6747,0.6769,500 shallow regularized trees
astra6_n20-16,gpt-6-astra,3.96,0.6762,0.6759,drop day-of-month category
astra6_n20-17,gpt-6-astra,1.96,0.6782,0.6793,500 shallow regularized trees
astra6_n20-18,gpt-6-astra,1.99,0.6751,0.6758,400 trees with shrinkage and stronger regularization
astra6_n20-19,gpt-6-astra,1.95,0.6787,0.6800,600 depth-4 trees with shrinkage and stronger regularization
astra6_n20-20,gpt-6-astra,2.46,0.6769,0.6786,600 depth-4 trees with slower learning and stronger regularization
sol6_n20-1,gpt-6-sol,4.44,0.6776,0.6774,ordered month and day-of-month
sol6_n20-2,gpt-6-sol,2.36,0.6783,0.6793,"300 depth-4 trees, lr .05, min_child_weight 5"
sol6_n20-3,gpt-6-sol,2.54,0.6731,0.6752,add scheduled departure hour and minute
sol6_n20-4,gpt-6-sol,6.77,0.6771,0.6789,depth 4 with 100 trees
sol6_n20-5,gpt-6-sol,1.95,0.6728,0.6751,add departure minute and hour
sol6_n20-6,gpt-6-sol,2.25,0.6728,0.6751,add departure minute of day and hour
sol6_n20-7,gpt-6-sol,2.91,0.6735,0.6747,add categorical departure hour
sol6_n20-8,gpt-6-sol,1.84,0.6783,0.6793,300 depth-4 trees eta .05 child weight 5
sol6_n20-9,gpt-6-sol,2.14,0.6731,0.6752,add departure hour and minute features
sol6_n20-10,gpt-6-sol,2.70,0.6776,0.6774,ordered numeric month and day of month
sol6_n20-11,gpt-6-sol,1.78,0.6779,0.6795,300 trees depth 4 learning rate 0.05
sol6_n20-12,gpt-6-sol,2.36,0.6771,0.6789,depth 4 at 100 rounds
sol6_n20-13,gpt-6-sol,3.19,0.6783,0.6805,300 rounds at depth 3
sol6_n20-14,gpt-6-sol,3.33,0.6735,0.6747,add categorical departure hour
sol6_n20-15,gpt-6-sol,2.42,0.6787,0.6808,regularized 400-tree depth-4 boosting
sol6_n20-16,gpt-6-sol,2.89,0.6775,0.6789,400 depth-4 trees at learning rate 0.05
sol6_n20-17,gpt-6-sol,2.89,0.6728,0.6751,add minute-of-day and departure hour
sol6_n20-18,gpt-6-sol,2.88,0.6779,0.6795,300 trees depth 4 eta 0.05
sol6_n20-19,gpt-6-sol,2.56,0.6775,0.6789,400 depth-4 trees at learning rate 0.05
sol6_n20-20,gpt-6-sol,3.12,0.6779,0.6795,"depth 4, 300 trees, learning rate 0.05"
luna6_n20-1,gpt-6-luna,5.41,0.6735,0.6745,500 trees at learning rate 0.03
luna6_n20-2,gpt-6-luna,8.55,0.6784,0.6794,"depth 4, min_child_weight 5, row/column sampling 0.8"
luna6_n20-3,gpt-6-luna,5.43,0.6771,0.6789,max_depth 4 (from 6)
luna6_n20-4,gpt-6-luna,5.19,0.6771,0.6789,reduce max_depth from 6 to 4
luna6_n20-5,gpt-6-luna,3.83,0.6734,0.6745,add scheduled-hour category and cyclic minute-of-day features
luna6_n20-6,gpt-6-luna,5.66,0.6735,0.6747,add scheduled departure hour categorical feature
luna6_n20-7,gpt-6-luna,9.71,0.6753,0.6764,200 trees at learning rate 0.05
luna6_n20-8,gpt-6-luna,2.83,0.6771,0.6789,reduce max_depth from 6 to 4
luna6_n20-9,gpt-6-luna,4.79,0.6735,0.6747,add scheduled departure hour category
luna6_n20-10,gpt-6-luna,5.80,0.6766,0.6777,0.8 row and column subsampling
luna6_n20-11,gpt-6-luna,5.45,0.6766,0.6777,add 0.8 row and feature subsampling
luna6_n20-12,gpt-6-luna,3.79,0.6735,0.6747,add elapsed departure minutes and categorical hour
luna6_n20-13,gpt-6-luna,6.01,0.6736,0.6760,one-hot splits for low-cardinality categoricals
luna6_n20-14,gpt-6-luna,9.00,0.6771,0.6789,reduce max_depth from 6 to 4
luna6_n20-15,gpt-6-luna,3.29,0.6776,0.6793,depth 4 and min_child_weight 5
luna6_n20-16,gpt-6-luna,7.77,0.6735,0.6747,add 24-level departure-hour category
luna6_n20-17,gpt-6-luna,3.13,0.6735,0.6747,add train-fitted categorical scheduled departure hour
luna6_n20-18,gpt-6-luna,3.05,0.6728,0.6751,add scheduled departure hour
luna6_n20-19,gpt-6-luna,2.68,0.6771,0.6789,max_depth=4
luna6_n20-20,gpt-6-luna,9.12,0.6771,0.6789,reduce max_depth from 6 to 4
