# <!-- analysis/collect_runs.py --> <!-- runs repo: /home/ubuntu/xgb_ar3/xgboost-autoresearch-minimal3-runs @ b2841ab; generated 2026-10-07 11:47Z -->
group,run,model,short,effort,codex_version,driver_start,driver_end,clock_start_utc,clock_stop_utc,clock_elapsed_s,clock_remaining_s,experiments,n_keep,n_discard,n_crash,n_harness_runs,best_commit,best_eval_auc,holdout_auc,gap,best_kept_holdout,final_below_best,ai_share_pct,xgb_share_pct,valid,flags,caveat_text,integrity_flags,protocol_flags,turns_sent,failed_turns,retry_wait_s,clock_stopped_by,memory_peak_gib,oom_kills,compactions,token_events,input_tokens,cached_input_tokens,output_tokens,reasoning_output_tokens,total_tokens
astra6_n20,astra6_n20-1,gpt-6-astra,Astra,max,codex-cli 0.160.0,2026-10-06T08:44:42Z,2026-10-06T09:51:51Z,2026-10-06 08:48:31,2026-10-06 09:48:05,3574,26,47,19,28,0,47,50e74b8,0.6900,0.6880,-0.0020,0.6880,0,84.5,15.5,yes,,,none,none,2,0,0,agent,3.4,0,0,115,15030828,14786432,93183,49483,15124011
astra6_n20,astra6_n20-2,gpt-6-astra,Astra,max,codex-cli 0.160.0,2026-10-06T09:52:01Z,2026-10-06T11:03:34Z,2026-10-06 09:55:41,2026-10-06 10:56:16,3634,-34,42,16,26,0,42,6826f09,0.6863,0.6836,-0.0027,0.6837,1,51.4,48.6,yes,,,none,none,2,0,0,agent,6.0,0,0,151,19206216,18974720,79360,41695,19285576
astra6_n20,astra6_n20-3,gpt-6-astra,Astra,max,codex-cli 0.160.0,2026-10-06T11:03:46Z,2026-10-06T12:10:59Z,2026-10-06 11:05:55,2026-10-06 12:05:33,3578,22,50,24,26,0,50,43097e4,0.6918,0.6886,-0.0032,0.6886,0,72.9,27.1,yes,,,none,none,2,0,0,agent,3.4,0,1,145,17496678,17030016,85412,46015,17582090
astra6_n20,astra6_n20-4,gpt-6-astra,Astra,max,codex-cli 0.160.0,2026-10-06T12:11:12Z,2026-10-06T13:19:29Z,2026-10-06 12:13:26,2026-10-06 13:14:43,3678,-78,36,13,22,1,35,c58ee9e,0.6843,0.6815,-0.0028,0.6815,0,67.5,32.5,yes,,,artifact_outside_clock,none,3,1,32,agent,3.5,0,1,103,12998881,12738688,68978,34331,13067859
astra6_n20,astra6_n20-5,gpt-6-astra,Astra,max,codex-cli 0.160.0,2026-10-06T13:19:54Z,2026-10-06T14:27:46Z,2026-10-06 13:22:59,2026-10-06 14:23:15,3616,-16,47,16,31,0,47,ade4fcf,0.6876,0.6846,-0.0030,0.6846,0,74.5,25.5,caveat,keep_rule,"caveat: `keep_rule`: `7b7712f` (gamma 5) kept at a tie as ""faster"" by 0.8 s, within noise, not simpler; gamma 5 stayed in the best model",none,none,2,0,0,agent,3.7,0,0,114,16385304,16021504,85790,45762,16471094
astra6_n20,astra6_n20-6,gpt-6-astra,Astra,max,codex-cli 0.160.0,2026-10-06T14:27:58Z,2026-10-06T15:35:36Z,2026-10-06 14:32:40,2026-10-06 15:32:19,3579,21,41,12,29,0,41,e8e4e36,0.6881,0.6846,-0.0035,0.6848,1,79.2,20.8,yes,,,none,none,2,0,0,agent,3.4,0,0,101,13089254,12837248,75317,39932,13164571
astra6_n20,astra6_n20-7,gpt-6-astra,Astra,max,codex-cli 0.160.0,2026-10-06T15:35:47Z,2026-10-06T16:42:29Z,2026-10-06 15:39:25,2026-10-06 16:38:38,3553,47,43,23,20,0,43,063f35f,0.6905,0.6881,-0.0024,0.6881,0,84.9,15.1,yes,,,none,none,2,0,0,agent,3.4,0,1,117,14801078,14528256,82097,43923,14883175
astra6_n20,astra6_n20-8,gpt-6-astra,Astra,max,codex-cli 0.160.0,2026-10-06T16:42:41Z,2026-10-06T17:49:07Z,2026-10-06 16:44:35,2026-10-06 17:44:15,3580,20,50,21,28,1,50,eccad8d,0.6879,0.6856,-0.0023,0.6860,1,78.1,21.9,caveat,keep_rule,"caveat: `keep_rule`: `e5e4a2b` (`max_cat_threshold` 16) kept at a tie, 0.2 s faster, not simpler; it stayed in the best model",none,none,2,0,0,agent,3.4,0,1,121,14229777,13924352,87344,45123,14317121
astra6_n20,astra6_n20-9,gpt-6-astra,Astra,max,codex-cli 0.160.0,2026-10-06T17:49:21Z,2026-10-06T18:58:14Z,2026-10-06 17:52:55,2026-10-06 18:52:08,3554,46,36,18,18,0,36,d1fbdd2,0.6913,0.6888,-0.0025,0.6888,0,68.1,31.9,yes,,,none,none,2,0,0,agent,3.5,0,1,100,12164858,11846400,83386,51459,12248244
astra6_n20,astra6_n20-10,gpt-6-astra,Astra,max,codex-cli 0.160.0,2026-10-06T18:58:27Z,2026-10-06T20:05:01Z,2026-10-06 19:00:30,2026-10-06 20:00:11,3581,19,45,20,25,0,45,0d30a13,0.6878,0.6845,-0.0033,0.6845,0,69.8,30.2,yes,,,none,none,2,0,0,agent,3.5,0,0,111,14712615,14459008,89607,51590,14802222
astra6_n20,astra6_n20-11,gpt-6-astra,Astra,max,codex-cli 0.160.0,2026-10-06T20:05:13Z,2026-10-06T21:11:28Z,2026-10-06 20:08:07,2026-10-06 21:08:06,3599,1,52,20,32,0,52,d9dcf2d,0.6897,0.6860,-0.0037,0.6860,0,84.1,15.9,yes,,,none,none,2,0,0,agent,3.5,0,0,121,15731298,15493504,96726,52388,15828024
astra6_n20,astra6_n20-12,gpt-6-astra,Astra,max,codex-cli 0.160.0,2026-10-06T21:11:40Z,2026-10-06T22:19:52Z,2026-10-06 21:14:31,2026-10-06 22:13:56,3564,36,51,24,27,0,51,8052d06,0.6909,0.6873,-0.0036,0.6873,0,67.6,32.4,caveat,keep_rule,"caveat: `keep_rule`: `d4bd0fc` (`max_bin` 64) kept at a tie for 1.1 s in one timing, not simpler; it stayed in the best model",none,none,2,0,0,agent,3.4,0,1,150,17009016,16660864,95242,56834,17104258
astra6_n20,astra6_n20-13,gpt-6-astra,Astra,max,codex-cli 0.160.0,2026-10-06T22:20:05Z,2026-10-06T23:27:33Z,2026-10-06 22:22:04,2026-10-06 23:22:37,3632,-32,59,27,32,0,59,7cdfba0,0.6935,0.6906,-0.0029,0.6906,0,63.8,36.2,yes,,,none,none,2,0,0,agent,3.5,0,1,151,20320506,20047488,99437,61782,20419943
astra6_n20,astra6_n20-14,gpt-6-astra,Astra,max,codex-cli 0.160.0,2026-10-06T23:27:45Z,2026-10-07T00:32:51Z,2026-10-06 23:29:31,2026-10-07 00:29:08,3577,23,62,26,35,1,62,4c0a951,0.6917,0.6888,-0.0029,0.6888,0,69.6,30.4,yes,,,none,none,2,0,0,agent,3.4,0,0,143,21439885,21182336,104966,62722,21544851
astra6_n20,astra6_n20-15,gpt-6-astra,Astra,max,codex-cli 0.160.0,2026-10-07T00:33:02Z,2026-10-07T01:39:05Z,2026-10-07 00:36:18,2026-10-07 01:35:51,3572,28,54,12,41,1,54,896f434,0.6875,0.6856,-0.0019,0.6856,0,66.0,34.0,yes,,,train_py_review,none,2,0,0,agent,3.4,0,1,138,14745959,14243968,101061,54164,14847020
astra6_n20,astra6_n20-16,gpt-6-astra,Astra,max,codex-cli 0.160.0,2026-10-07T01:39:18Z,2026-10-07T02:46:30Z,2026-10-07 01:42:38,2026-10-07 02:42:08,3570,30,49,21,28,0,49,cb6c121,0.6894,0.6870,-0.0024,0.6870,0,67.5,32.5,yes,,,artifact_outside_clock,none,2,0,0,agent,3.4,0,1,157,19263907,18939264,97257,52827,19361164
astra6_n20,astra6_n20-17,gpt-6-astra,Astra,max,codex-cli 0.160.0,2026-10-07T02:48:49Z,2026-10-07T03:53:24Z,2026-10-07 02:50:44,2026-10-07 03:49:26,3522,78,46,17,28,1,46,a567151,0.6898,0.6872,-0.0026,0.6873,1,61.8,38.2,yes,,,none,none,2,0,0,agent,3.4,0,1,133,16727944,16450560,92120,54711,16820064
astra6_n20,astra6_n20-18,gpt-6-astra,Astra,max,codex-cli 0.160.0,2026-10-07T03:53:34Z,2026-10-07T04:59:55Z,2026-10-07 03:56:13,2026-10-07 04:55:45,3572,28,44,16,28,0,44,1f5c0f6,0.6901,0.6878,-0.0023,0.6878,0,66.2,33.8,yes,,,none,none,2,0,0,agent,16.5,0,0,114,15168294,14917632,90469,56169,15258763
astra6_n20,astra6_n20-19,gpt-6-astra,Astra,max,codex-cli 0.160.0,2026-10-07T05:00:07Z,2026-10-07T06:07:41Z,2026-10-07 05:03:32,2026-10-07 06:02:46,3554,46,49,23,26,0,49,cbf5e51,0.6910,0.6876,-0.0034,0.6876,0,79.8,20.2,yes,,,none,none,2,0,0,agent,3.4,0,1,125,15261051,14987904,88754,51343,15349805
astra6_n20,astra6_n20-20,gpt-6-astra,Astra,max,codex-cli 0.160.0,2026-10-07T06:07:52Z,2026-10-07T07:15:16Z,2026-10-07 06:11:47,2026-10-07 07:11:12,3565,35,40,17,23,0,40,fc0e2f7,0.6876,0.6853,-0.0023,0.6853,0,73.3,26.7,yes,,,none,none,2,0,0,agent,3.4,0,0,116,14936474,14696064,83746,50784,15020220
sol6_n20,sol6_n20-1,gpt-6-sol,Sol,max,codex-cli 0.160.0,2026-10-05T14:29:13Z,2026-10-05T15:38:53Z,2026-10-05 14:32:36,2026-10-05 15:33:35,3659,-59,34,9,25,0,34,fa052d9,0.6865,0.6850,-0.0015,0.6850,0,68.4,31.6,yes,,,none,none,2,0,0,agent,11.2,0,0,303,28276741,28085632,52153,19234,28328894
sol6_n20,sol6_n20-2,gpt-6-sol,Sol,max,codex-cli 0.160.0,2026-10-05T15:39:01Z,2026-10-05T16:49:16Z,2026-10-05 15:42:55,2026-10-05 16:43:23,3628,-28,34,9,25,0,34,b602c3f,0.6858,0.6836,-0.0022,0.6837,1,64.0,36.0,yes,,,none,none,2,0,0,agent,11.7,0,0,256,28664494,28244096,59442,23627,28723936
sol6_n20,sol6_n20-3,gpt-6-sol,Sol,max,codex-cli 0.160.0,2026-10-05T16:49:26Z,2026-10-05T17:56:57Z,2026-10-05 16:53:06,2026-10-05 17:51:39,3514,86,35,8,27,0,35,72d7e0a,0.6857,0.6841,-0.0016,0.6841,0,60.4,39.6,yes,,,none,none,2,0,0,agent,6.0,0,0,259,31317448,31085696,68181,33178,31385629
sol6_n20,sol6_n20-4,gpt-6-sol,Sol,max,codex-cli 0.160.0,2026-10-05T17:57:07Z,2026-10-05T19:03:19Z,2026-10-05 18:01:07,2026-10-05 19:00:02,3535,65,29,5,23,1,29,07f5782,0.6831,0.6821,-0.0010,0.6821,0,71.0,29.0,yes,,,none,none,3,1,31,agent,4.1,0,0,296,31027139,30544896,59343,20583,31086482
sol6_n20,sol6_n20-5,gpt-6-sol,Sol,max,codex-cli 0.160.0,2026-10-05T19:03:30Z,2026-10-05T20:20:51Z,2026-10-05 19:06:23,2026-10-05 20:05:08,3526,74,47,22,25,0,47,8202360,0.6839,0.6826,-0.0013,0.6828,1,40.2,59.8,yes,,,none,none,2,0,0,agent,11.7,0,0,251,27787716,27579008,64243,21858,27851959
sol6_n20,sol6_n20-6,gpt-6-sol,Sol,max,codex-cli 0.160.0,2026-10-05T20:21:01Z,2026-10-05T21:34:19Z,2026-10-05 20:24:26,2026-10-05 21:23:27,3542,58,43,15,28,0,43,44473d1,0.6818,0.6803,-0.0015,0.6806,1,47.6,52.4,yes,,,none,none,2,0,0,agent,11.7,0,0,321,36102840,35713792,59486,20420,36162326
sol6_n20,sol6_n20-7,gpt-6-sol,Sol,max,codex-cli 0.160.0,2026-10-05T21:34:30Z,2026-10-05T22:47:30Z,2026-10-05 21:37:23,2026-10-05 22:36:24,3541,59,58,19,39,0,58,eb1987a,0.6866,0.6837,-0.0029,0.6837,0,43.1,56.9,yes,,,none,none,2,0,0,agent,5.9,0,0,324,32829831,32598144,55555,18444,32885386
sol6_n20,sol6_n20-8,gpt-6-sol,Sol,max,codex-cli 0.160.0,2026-10-05T22:47:40Z,2026-10-06T00:01:30Z,2026-10-05 22:50:45,2026-10-05 23:50:07,3562,38,48,19,29,0,48,83775c5,0.6877,0.6871,-0.0006,0.6871,0,44.8,55.2,caveat,keep_rule,"caveat: keep_rule (tie kept as ""faster"" by 1.0 s, not simpler)",none,none,2,0,0,agent,11.6,0,0,371,51835547,51560192,83076,41385,51918623
sol6_n20,sol6_n20-9,gpt-6-sol,Sol,max,codex-cli 0.160.0,2026-10-06T00:01:41Z,2026-10-06T01:09:53Z,2026-10-06 00:03:47,2026-10-06 01:02:15,3508,92,51,12,39,0,51,348d81c,0.6846,0.6834,-0.0012,0.6834,0,41.4,58.6,yes,,,none,none,2,0,0,agent,5.9,0,1,318,41664857,41299200,91468,45353,41756325
sol6_n20,sol6_n20-10,gpt-6-sol,Sol,max,codex-cli 0.160.0,2026-10-06T01:10:03Z,2026-10-06T02:18:24Z,2026-10-06 01:11:58,2026-10-06 02:11:04,3546,54,51,13,38,0,51,c3b3a92,0.6885,0.6864,-0.0021,0.6864,0,49.0,51.0,yes,,,none,none,2,0,0,agent,11.3,0,0,346,38631692,38311040,59313,19172,38691005
sol6_n20,sol6_n20-11,gpt-6-sol,Sol,max,codex-cli 0.160.0,2026-10-06T02:18:35Z,2026-10-06T03:29:27Z,2026-10-06 02:21:27,2026-10-06 03:20:42,3555,45,55,16,38,1,55,cd0df4b,0.6893,0.6857,-0.0036,0.6862,1,47.3,52.7,yes,,,none,none,2,0,0,agent,5.8,0,0,259,35230539,34971648,74789,27053,35305328
sol6_n20,sol6_n20-12,gpt-6-sol,Sol,max,codex-cli 0.160.0,2026-10-06T03:29:37Z,2026-10-06T04:39:48Z,2026-10-06 03:32:57,2026-10-06 04:31:49,3532,68,70,17,53,0,70,43d5c46,0.6870,0.6846,-0.0024,0.6846,0,43.1,56.9,yes,,,train_py_review,none,2,0,0,agent,11.3,0,1,328,40620902,40267392,91648,36135,40712550
sol6_n20,sol6_n20-13,gpt-6-sol,Sol,max,codex-cli 0.160.0,2026-10-06T04:39:58Z,2026-10-06T05:51:12Z,2026-10-06 04:43:39,2026-10-06 05:43:02,3563,37,51,16,35,0,51,5ed0a2f,0.6869,0.6854,-0.0015,0.6855,1,55.4,44.6,yes,,,none,none,2,0,0,agent,11.6,0,0,327,39380944,39144704,61000,22245,39441944
sol6_n20,sol6_n20-14,gpt-6-sol,Sol,max,codex-cli 0.160.0,2026-10-06T05:51:23Z,2026-10-06T07:01:10Z,2026-10-06 05:55:28,2026-10-06 06:54:40,3552,48,43,11,32,0,43,b27ca12,0.6858,0.6846,-0.0012,0.6846,0,56.5,43.5,yes,,,none,none,2,0,0,agent,11.7,0,0,315,38915982,38649472,77591,25779,38993573
sol6_n20,sol6_n20-15,gpt-6-sol,Sol,max,codex-cli 0.160.0,2026-10-06T07:01:23Z,2026-10-06T08:11:26Z,2026-10-06 07:05:01,2026-10-06 08:04:40,3579,21,39,12,27,0,39,c7c19c0,0.6878,0.6856,-0.0022,0.6856,0,64.0,36.0,yes,,,none,none,2,0,0,agent,11.6,0,0,361,45305521,45047680,72576,29972,45378097
sol6_n20,sol6_n20-16,gpt-6-sol,Sol,max,codex-cli 0.160.0,2026-10-06T08:11:38Z,2026-10-06T09:18:26Z,2026-10-06 08:15:38,2026-10-06 09:15:20,3582,18,31,5,25,1,31,519d0ef,0.6817,0.6804,-0.0013,0.6804,0,70.0,30.0,caveat,turn_retries,"caveat: turn_retries (7 failed turns, model at capacity; retry waits 216 s)",none,none,9,7,216,agent,11.6,0,0,250,21946472,21667968,47524,17931,21993996
sol6_n20,sol6_n20-17,gpt-6-sol,Sol,max,codex-cli 0.160.0,2026-10-06T09:18:38Z,2026-10-06T10:29:17Z,2026-10-06 09:21:07,2026-10-06 10:19:33,3506,94,35,13,21,1,35,6321ab4,0.6853,0.6839,-0.0014,0.6839,0,54.7,45.3,yes,,,none,none,3,1,31,agent,6.2,0,0,271,24268292,24017024,49798,18461,24318090
sol6_n20,sol6_n20-18,gpt-6-sol,Sol,max,codex-cli 0.160.0,2026-10-06T10:29:29Z,2026-10-06T11:36:57Z,2026-10-06 10:31:44,2026-10-06 11:30:53,3548,52,60,10,49,1,60,08500bb,0.6864,0.6847,-0.0017,0.6847,0,39.8,60.2,yes,,,none,none,2,0,0,agent,5.7,0,0,326,34907218,34673280,68977,26944,34976195
sol6_n20,sol6_n20-19,gpt-6-sol,Sol,max,codex-cli 0.160.0,2026-10-06T11:37:10Z,2026-10-06T12:49:56Z,2026-10-06 11:39:16,2026-10-06 12:38:17,3542,58,58,22,36,0,58,c4b427d,0.6889,0.6866,-0.0023,0.6866,0,41.1,58.9,caveat,keep_rule,"caveat: keep_rule (tie kept as ""faster"" by 1.0 s, not simpler)",none,none,2,0,0,agent,3.6,0,0,306,31921561,31705600,55570,18304,31977131
sol6_n20,sol6_n20-20,gpt-6-sol,Sol,max,codex-cli 0.160.0,2026-10-06T12:50:09Z,2026-10-06T13:57:19Z,2026-10-06 12:53:44,2026-10-06 13:52:53,3549,51,30,7,22,1,30,ac85c11,0.6860,0.6838,-0.0022,0.6842,1,70.5,29.5,yes,,,none,none,5,4,62,agent,11.5,0,0,287,30483806,29911552,56170,21106,30539976
luna6_n20,luna6_n20-1,gpt-6-luna,Luna,max,codex-cli 0.160.0,2026-10-05T07:45:06Z,2026-10-05T08:53:13Z,2026-10-05 07:46:31,2026-10-05 08:45:22,3531,69,36,13,23,0,36,de6a11d,0.6844,0.6822,-0.0022,0.6822,0,58.8,41.2,yes,,,train_py_review,none,2,0,0,agent,11.6,0,1,300,39695205,39173376,91735,53211,39786940
luna6_n20,luna6_n20-2,gpt-6-luna,Luna,max,codex-cli 0.160.0,2026-10-05T08:53:17Z,2026-10-05T09:57:42Z,2026-10-05 08:55:10,2026-10-05 09:54:18,3547,53,25,5,20,0,25,9cb236b,0.6813,0.6789,-0.0024,0.6789,0,74.5,25.5,yes,,,none,none,2,0,0,agent,4.6,0,1,282,31173298,30617344,120447,74947,31293745
luna6_n20,luna6_n20-3,gpt-6-luna,Luna,max,codex-cli 0.160.0,2026-10-05T09:57:46Z,2026-10-05T11:05:51Z,2026-10-05 09:59:57,2026-10-05 10:58:35,3517,83,29,11,18,0,29,9c46a06,0.6820,0.6803,-0.0017,0.6803,0,67.9,32.1,yes,,,none,none,2,0,0,agent,11.7,0,1,316,40897116,40441088,110779,69546,41007895
luna6_n20,luna6_n20-4,gpt-6-luna,Luna,max,codex-cli 0.160.0,2026-10-05T11:05:58Z,2026-10-05T12:12:40Z,2026-10-05 11:07:44,2026-10-05 12:06:28,3524,76,37,10,27,0,37,d72b8ff,0.6824,0.6797,-0.0027,0.6800,1,61.9,38.1,yes,,,none,none,2,0,0,agent,11.6,0,0,303,40505829,40114432,90566,50568,40596395
luna6_n20,luna6_n20-5,gpt-6-luna,Luna,max,codex-cli 0.160.0,2026-10-05T12:12:43Z,2026-10-05T13:19:21Z,2026-10-05 12:14:57,2026-10-05 13:13:28,3511,89,25,8,15,2,25,8bfaefd,0.6803,0.6789,-0.0014,0.6791,1,73.1,26.9,yes,,,none,none,2,0,0,agent,11.7,0,1,268,33317323,32877824,108810,72926,33426133
luna6_n20,luna6_n20-6,gpt-6-luna,Luna,max,codex-cli 0.160.0,2026-10-05T13:19:24Z,2026-10-05T14:27:19Z,2026-10-05 13:21:12,2026-10-05 14:20:06,3534,66,30,9,21,0,30,bd192f4,0.6821,0.6800,-0.0021,0.6800,0,58.7,41.3,caveat,keep_rule,"caveat: `keep_rule`: `bd192f4` (gamma 0.1) kept at a tie, for an evaluation 0.6 s faster, within noise; the commit before it has the same Eval and Holdout AUC",none,none,2,0,0,agent,11.6,0,0,185,22621773,22241280,101353,65586,22723126
luna6_n20,luna6_n20-7,gpt-6-luna,Luna,max,codex-cli 0.160.0,2026-10-05T14:27:25Z,2026-10-05T15:32:47Z,2026-10-05 14:30:00,2026-10-05 15:28:32,3512,88,25,8,17,0,25,e91e44a,0.6813,0.6795,-0.0018,0.6795,0,79.2,20.8,yes,,,train_py_review,none,2,0,0,agent,11.4,0,0,356,43999854,43567360,109339,65766,44109193
luna6_n20,luna6_n20-8,gpt-6-luna,Luna,max,codex-cli 0.160.0,2026-10-05T15:32:52Z,2026-10-05T16:38:32Z,2026-10-05 15:35:32,2026-10-05 16:34:23,3531,69,28,7,21,0,29,7a1cbf0,0.6809,0.6795,-0.0014,0.6795,0,73.2,26.8,caveat,keep_rule,"caveat: `keep_rule`: two ties kept for a faster run that is noise (`744ceef`, `7a1cbf0`, `min_child_weight` 5 and 10); each has the same Eval and Holdout AUC as the commit before it",none,none,2,0,0,agent,11.6,0,1,297,34661429,34122752,100299,63248,34761728
luna6_n20,luna6_n20-9,gpt-6-luna,Luna,max,codex-cli 0.160.0,2026-10-05T16:38:36Z,2026-10-05T17:46:39Z,2026-10-05 16:41:27,2026-10-05 17:40:02,3515,85,24,9,15,0,25,794421a,0.6859,0.6844,-0.0015,0.6844,0,69.6,30.4,yes,,,none,none,2,0,0,agent,11.9,0,1,300,45345443,44908800,99061,60598,45444504
luna6_n20,luna6_n20-10,gpt-6-luna,Luna,max,codex-cli 0.160.0,2026-10-05T17:46:42Z,2026-10-05T18:56:19Z,2026-10-05 17:50:40,2026-10-05 18:49:55,3555,45,32,11,21,0,32,b0110e3,0.6828,0.6820,-0.0008,0.6820,0,68.9,31.1,yes,,,none,none,2,0,0,agent,11.7,0,1,336,46464583,46002432,100896,61812,46565479
luna6_n20,luna6_n20-11,gpt-6-luna,Luna,max,codex-cli 0.160.0,2026-10-05T18:56:22Z,2026-10-05T19:58:46Z,2026-10-05 18:57:57,2026-10-05 19:56:37,3520,80,34,3,31,0,34,0ea9a71,0.6805,0.6773,-0.0032,0.6773,0,67.8,32.2,yes,,,train_py_review,none,2,0,0,agent,4.1,0,1,415,44222293,43665920,100491,59552,44322784
luna6_n20,luna6_n20-12,gpt-6-luna,Luna,max,codex-cli 0.160.0,2026-10-05T19:58:50Z,2026-10-05T21:06:12Z,2026-10-05 20:01:00,2026-10-05 20:59:47,3527,73,26,10,16,0,26,b22e89a,0.6819,0.6799,-0.0020,0.6799,0,72.7,27.3,yes,,,none,none,2,0,0,agent,3.8,0,0,209,26281471,25775872,104626,72653,26386097
luna6_n20,luna6_n20-13,gpt-6-luna,Luna,max,codex-cli 0.160.0,2026-10-05T21:06:15Z,2026-10-05T22:11:57Z,2026-10-05 21:08:26,2026-10-05 22:07:02,3516,84,30,8,22,0,30,2c75a29,0.6816,0.6797,-0.0019,0.6800,1,70.2,29.8,yes,,,none,none,2,0,0,agent,11.7,0,1,270,30129879,29649664,120960,79189,30250839
luna6_n20,luna6_n20-14,gpt-6-luna,Luna,max,codex-cli 0.160.0,2026-10-05T22:12:01Z,2026-10-05T23:17:10Z,2026-10-05 22:13:51,2026-10-05 23:13:33,3582,18,35,6,29,0,35,ade92c8,0.6819,0.6800,-0.0019,0.6800,0,66.3,33.7,yes,,,none,none,2,0,0,agent,11.6,0,1,287,38310768,37763584,100272,60381,38411040
luna6_n20,luna6_n20-15,gpt-6-luna,Luna,max,codex-cli 0.160.0,2026-10-05T23:17:14Z,2026-10-06T00:25:48Z,2026-10-05 23:20:11,2026-10-06 00:19:31,3560,40,25,8,15,2,25,46c7ab3,0.6804,0.6785,-0.0019,0.6785,0,68.8,31.2,caveat,keep_rule,"caveat: `keep_rule`: two ties kept for a faster run that is noise (`744705b`, `41db4a7`, gamma 1 and 2); same Eval and Holdout AUC as the commit before them, but gamma 2 stayed in the best model",train_py_review,none,2,0,0,agent,12.0,0,0,372,55155102,54685696,102140,56596,55257242
luna6_n20,luna6_n20-16,gpt-6-luna,Luna,max,codex-cli 0.160.0,2026-10-06T00:25:52Z,2026-10-06T01:34:46Z,2026-10-06 00:27:40,2026-10-06 01:26:18,3518,82,26,11,15,0,26,c2febf2,0.6833,0.6819,-0.0014,0.6819,0,66.2,33.8,yes,,,none,none,2,0,0,agent,11.7,0,0,243,29465912,29063424,97959,63726,29563871
luna6_n20,luna6_n20-17,gpt-6-luna,Luna,max,codex-cli 0.160.0,2026-10-06T01:34:50Z,2026-10-06T02:39:17Z,2026-10-06 01:36:12,2026-10-06 02:35:01,3529,71,32,6,25,1,32,075d2ee,0.6841,0.6817,-0.0024,0.6817,0,63.8,36.2,yes,,,none,none,2,0,0,agent,11.8,0,1,326,32726650,32241408,107186,66942,32833836
luna6_n20,luna6_n20-18,gpt-6-luna,Luna,max,codex-cli 0.160.0,2026-10-06T02:39:21Z,2026-10-06T03:47:03Z,2026-10-06 02:42:13,2026-10-06 03:40:57,3524,76,36,10,25,1,36,dfccd9c,0.6849,0.6831,-0.0018,0.6831,0,63.4,36.6,caveat,keep_rule,"caveat: `keep_rule`: `dfccd9c` (gamma 1) kept at a tie for an evaluation 0.3 s faster, within noise; the commit before it has the same Eval and Holdout AUC. Needed a second ""go""",none,none,3,0,0,agent,11.7,0,0,411,54182291,53633536,109874,62449,54292165
luna6_n20,luna6_n20-19,gpt-6-luna,Luna,max,codex-cli 0.160.0,2026-10-06T03:47:07Z,2026-10-06T04:56:34Z,2026-10-06 03:50:20,2026-10-06 04:49:04,3525,75,28,11,16,1,30,03bbc84,0.6826,0.6811,-0.0015,0.6811,0,65.3,34.7,yes,,,none,none,2,0,0,agent,5.8,0,1,268,28407900,27793664,105584,68912,28513484
luna6_n20,luna6_n20-20,gpt-6-luna,Luna,max,codex-cli 0.160.0,2026-10-06T04:56:38Z,2026-10-06T06:03:45Z,2026-10-06 04:59:02,2026-10-06 05:57:54,3532,68,38,10,28,0,38,28a9f98,0.6850,0.6844,-0.0006,0.6844,0,63.7,36.3,yes,,,none,none,2,0,0,agent,3.6,0,0,210,25419183,24927744,104241,66018,25523424
