run,model,token_events,input_tokens,cached_input_tokens,cached_share,output_tokens,reasoning_output_tokens,total_tokens,list_price_projection_usd,holdout_auc,experiments
astra6_n20-1,gpt-6-astra,115,15030828,14786432,0.984,93183,49483,15124011,21.89,0.6880,47
astra6_n20-2,gpt-6-astra,151,19206216,18974720,0.988,79360,41695,19285576,25.26,0.6836,42
astra6_n20-3,gpt-6-astra,145,17496678,17030016,0.973,85412,46015,17582090,25.97,0.6886,50
astra6_n20-4,gpt-6-astra,103,12998881,12738688,0.980,68978,34331,13067859,18.79,0.6815,36
astra6_n20-5,gpt-6-astra,114,16385304,16021504,0.978,85790,45762,16471094,23.95,0.6846,47
astra6_n20-6,gpt-6-astra,101,13089254,12837248,0.981,75317,39932,13164571,19.12,0.6846,41
astra6_n20-7,gpt-6-astra,117,14801078,14528256,0.982,82097,43923,14883175,21.36,0.6881,43
astra6_n20-8,gpt-6-astra,121,14229777,13924352,0.979,87344,45123,14317121,21.35,0.6856,50
astra6_n20-9,gpt-6-astra,100,12164858,11846400,0.974,83386,51459,12248244,19.20,0.6888,36
astra6_n20-10,gpt-6-astra,111,14712615,14459008,0.983,89607,51590,14802222,21.48,0.6845,45
astra6_n20-11,gpt-6-astra,121,15731298,15493504,0.985,96726,52388,15828024,22.71,0.6860,52
astra6_n20-12,gpt-6-astra,150,17009016,16660864,0.980,95242,56834,17104258,24.90,0.6873,51
astra6_n20-13,gpt-6-astra,151,20320506,20047488,0.987,99437,61782,20419943,27.75,0.6906,59
astra6_n20-14,gpt-6-astra,143,21439885,21182336,0.988,104966,62722,21544851,29.01,0.6888,62
astra6_n20-15,gpt-6-astra,138,14745959,14243968,0.966,101061,54164,14847020,24.32,0.6856,54
astra6_n20-16,gpt-6-astra,157,19263907,18939264,0.983,97257,52827,19361164,27.05,0.6870,49
astra6_n20-17,gpt-6-astra,133,16727944,16450560,0.983,92120,54711,16820064,23.83,0.6872,46
astra6_n20-18,gpt-6-astra,114,15168294,14917632,0.983,90469,56169,15258763,21.95,0.6878,44
astra6_n20-19,gpt-6-astra,125,15261051,14987904,0.982,88754,51343,15349805,22.16,0.6876,49
astra6_n20-20,gpt-6-astra,116,14936474,14696064,0.984,83746,50784,15020220,21.29,0.6853,40
sol6_n20-1,gpt-6-sol,303,28276741,28085632,0.993,52153,19234,28328894,6.52,0.6850,34
sol6_n20-2,gpt-6-sol,256,28664494,28244096,0.985,59442,23627,28723936,7.08,0.6836,34
sol6_n20-3,gpt-6-sol,259,31317448,31085696,0.993,68181,33178,31385629,7.36,0.6841,35
sol6_n20-4,gpt-6-sol,296,31027139,30544896,0.984,59343,20583,31086482,7.67,0.6821,29
sol6_n20-5,gpt-6-sol,251,27787716,27579008,0.992,64243,21858,27851959,6.58,0.6826,47
sol6_n20-6,gpt-6-sol,321,36102840,35713792,0.989,59486,20420,36162326,8.52,0.6803,43
sol6_n20-7,gpt-6-sol,324,32829831,32598144,0.993,55555,18444,32885386,7.54,0.6837,58
sol6_n20-8,gpt-6-sol,371,51835547,51560192,0.995,83076,41385,51918623,11.69,0.6871,48
sol6_n20-9,gpt-6-sol,318,41664857,41299200,0.991,91468,45353,41756325,9.91,0.6834,51
sol6_n20-10,gpt-6-sol,346,38631692,38311040,0.992,59313,19172,38691005,8.90,0.6864,51
sol6_n20-11,gpt-6-sol,259,35230539,34971648,0.993,74789,27053,35305328,8.26,0.6857,55
sol6_n20-12,gpt-6-sol,328,40620902,40267392,0.991,91648,36135,40712550,9.68,0.6846,70
sol6_n20-13,gpt-6-sol,327,39380944,39144704,0.994,61000,22245,39441944,8.91,0.6854,51
sol6_n20-14,gpt-6-sol,315,38915982,38649472,0.993,77591,25779,38993573,9.04,0.6846,43
sol6_n20-15,gpt-6-sol,361,45305521,45047680,0.994,72576,29972,45378097,10.25,0.6856,39
sol6_n20-16,gpt-6-sol,250,21946472,21667968,0.987,47524,17931,21993996,5.37,0.6804,31
sol6_n20-17,gpt-6-sol,271,24268292,24017024,0.990,49798,18461,24318090,5.80,0.6839,35
sol6_n20-18,gpt-6-sol,326,34907218,34673280,0.993,68977,26944,34976195,8.09,0.6847,60
sol6_n20-19,gpt-6-sol,306,31921561,31705600,0.993,55570,18304,31977131,7.33,0.6866,58
sol6_n20-20,gpt-6-sol,287,30483806,29911552,0.981,56170,21106,30539976,7.69,0.6838,30
luna6_n20-1,gpt-6-luna,300,39695205,39173376,0.987,91735,53211,39786940,0.49,0.6822,36
luna6_n20-2,gpt-6-luna,282,31173298,30617344,0.982,120447,74947,31293745,0.42,0.6789,25
luna6_n20-3,gpt-6-luna,316,40897116,40441088,0.989,110779,69546,41007895,0.51,0.6803,29
luna6_n20-4,gpt-6-luna,303,40505829,40114432,0.990,90566,50568,40596395,0.49,0.6797,37
luna6_n20-5,gpt-6-luna,268,33317323,32877824,0.987,108810,72926,33426133,0.43,0.6789,25
luna6_n20-6,gpt-6-luna,185,22621773,22241280,0.983,101353,65586,22723126,0.31,0.6800,30
luna6_n20-7,gpt-6-luna,356,43999854,43567360,0.990,109339,65766,44109193,0.53,0.6795,25
luna6_n20-8,gpt-6-luna,297,34661429,34122752,0.984,100299,63248,34761728,0.45,0.6795,28
luna6_n20-9,gpt-6-luna,300,45345443,44908800,0.990,99061,60598,45444504,0.54,0.6844,24
luna6_n20-10,gpt-6-luna,336,46464583,46002432,0.990,100896,61812,46565479,0.56,0.6820,32
luna6_n20-11,gpt-6-luna,415,44222293,43665920,0.987,100491,59552,44322784,0.54,0.6773,34
luna6_n20-12,gpt-6-luna,209,26281471,25775872,0.981,104626,72653,26386097,0.36,0.6799,26
luna6_n20-13,gpt-6-luna,270,30129879,29649664,0.984,120960,79189,30250839,0.40,0.6797,30
luna6_n20-14,gpt-6-luna,287,38310768,37763584,0.986,100272,60381,38411040,0.48,0.6800,35
luna6_n20-15,gpt-6-luna,372,55155102,54685696,0.991,102140,56596,55257242,0.64,0.6785,25
luna6_n20-16,gpt-6-luna,243,29465912,29063424,0.986,97959,63726,29563871,0.38,0.6819,26
luna6_n20-17,gpt-6-luna,326,32726650,32241408,0.985,107186,66942,32833836,0.42,0.6817,32
luna6_n20-18,gpt-6-luna,411,54182291,53633536,0.990,109874,62449,54292165,0.65,0.6831,36
luna6_n20-19,gpt-6-luna,268,28407900,27793664,0.978,105584,68912,28513484,0.39,0.6811,28
luna6_n20-20,gpt-6-luna,210,25419183,24927744,0.981,104241,66018,25523424,0.35,0.6844,38
